id,first_name,last_name,email,gender,ip_address
1,Livvy,Garlick,lgarlick0@ebay.com,Female,202.172.214.147
2,Constancia,Drinkall,cdrinkall1@state.gov,Genderqueer,82.128.141.97
3,Marney,Ruffle,mruffle2@cyberchimps.com,Female,16.27.195.209
4,Samson,Rodrigo,srodrigo3@telegraph.co.uk,Male,65.50.45.64
5,Cathlene,Kelso,ckelso4@bravesites.com,Female,188.101.184.225
6,Hally,Gardiner,hgardiner5@tamu.edu,Non-binary,45.209.108.231
7,Bonita,Ledson,bledson6@hexun.com,Male,114.205.199.243
8,Winfred,Woan,wwoan7@t-online.de,Female,171.245.196.174
9,Leoine,Warkup,lwarkup8@fotki.com,Male,204.14.203.105
10,Jenine,Restill,jrestill9@addthis.com,Male,42.141.250.10
11,Errol,Persey,eperseya@amazon.co.jp,Male,224.98.142.214
12,Glenda,Erlam,gerlamb@ibm.com,Polygender,194.75.109.244
13,Yalonda,Miell,ymiellc@youku.com,Bigender,98.140.45.57
14,Alayne,Diable,adiabled@hao123.com,Male,153.27.61.185
15,Mitchel,Gameson,mgamesone@freewebs.com,Female,104.236.170.242
16,Zebedee,Aron,zaronf@artisteer.com,Male,88.43.111.251
17,Auguste,Netherwood,anetherwoodg@nasa.gov,Female,59.123.177.38
18,Morlee,Ainsley,mainsleyh@auda.org.au,Male,138.243.241.135
19,Felicdad,Northridge,fnorthridgei@pbs.org,Female,203.138.180.151
20,Horace,Dodsley,hdodsleyj@example.com,Female,161.142.58.46
21,Percy,Waller-Bridge,pwallerbridgek@constantcontact.com,Female,216.34.131.187
22,Cointon,Ransbury,cransburyl@boston.com,Female,84.242.187.184
23,Eadith,Jaqueme,ejaquemem@newsvine.com,Male,209.140.71.37
24,Alexandr,Grunson,agrunsonn@engadget.com,Male,94.56.137.120
25,Sara,Chivrall,schivrallo@cloudflare.com,Female,2.226.167.234
26,Annabal,Kornousek,akornousekp@narod.ru,Male,233.55.235.86
27,Blair,Shackle,bshackleq@cam.ac.uk,Female,185.64.47.104
28,Callie,Strutz,cstrutzr@tuttocitta.it,Female,38.22.183.28
29,Arlan,Bourgeois,abourgeoiss@un.org,Male,27.142.78.47
30,Rebekah,Selwyne,rselwynet@cloudflare.com,Male,55.143.50.75
31,Codie,Strooband,cstroobandu@flickr.com,Male,173.195.72.211
32,Eliza,Jedraszek,ejedraszekv@merriam-webster.com,Female,31.189.123.54
33,Bartlett,Parriss,bparrissw@e-recht24.de,Male,151.214.98.2
34,Adolpho,Hopfner,ahopfnerx@com.com,Male,125.50.38.158
35,Kareem,Antos,kantosy@scientificamerican.com,Agender,155.117.167.43
36,Sherwynd,Slocombe,sslocombez@1und1.de,Male,78.7.176.212
37,Brigida,Papis,bpapis10@timesonline.co.uk,Female,245.120.243.235
38,Dugald,Hatch,dhatch11@simplemachines.org,Non-binary,163.151.59.171
39,Brandais,Filliskirk,bfilliskirk12@shutterfly.com,Genderqueer,220.1.179.166
40,Adelind,Abarough,aabarough13@wsj.com,Male,106.28.91.113
41,Rebeka,MacIlwrick,rmacilwrick14@dailymotion.com,Female,170.17.124.31
42,Farlee,Moulder,fmoulder15@bloomberg.com,Male,31.124.85.15
43,Addy,Stockman,astockman16@cbsnews.com,Male,223.17.148.8
44,Lanita,Goldsbury,lgoldsbury17@uol.com.br,Male,105.230.199.132
45,Perice,Capes,pcapes18@pagesperso-orange.fr,Male,29.160.228.118
46,Dexter,Brennans,dbrennans19@a8.net,Male,192.128.204.151
47,Arlyn,Vaudre,avaudre1a@reddit.com,Female,26.230.187.240
48,Adelina,Westell,awestell1b@noaa.gov,Bigender,3.59.14.24
49,Sena,Chaffin,schaffin1c@artisteer.com,Female,125.129.208.226
50,Abelard,Linnane,alinnane1d@stanford.edu,Female,16.41.110.133
51,Beatrix,Arthan,barthan1e@theatlantic.com,Female,32.180.169.186
52,Neile,Abbys,nabbys1f@theguardian.com,Female,202.89.3.126
53,Matti,Wiggans,mwiggans1g@jiathis.com,Male,15.54.71.165
54,Jinny,Di Filippo,jdifilippo1h@latimes.com,Male,88.208.145.232
55,Jammal,Brigden,jbrigden1i@soup.io,Male,162.69.55.128
56,Liliane,Minget,lminget1j@blogs.com,Female,132.19.27.76
57,Bobby,Hoppner,bhoppner1k@census.gov,Female,140.183.60.247
58,Johnette,Perone,jperone1l@virginia.edu,Female,102.191.62.85
59,Tynan,Rabbage,trabbage1m@dell.com,Male,232.112.178.93
60,Seamus,Blannin,sblannin1n@purevolume.com,Polygender,219.27.76.60
61,Tiffani,Whetland,twhetland1o@cbslocal.com,Female,103.7.113.135
62,Manya,Tarquini,mtarquini1p@ucoz.com,Male,136.36.15.224
63,Cassy,Brownlee,cbrownlee1q@skype.com,Male,7.217.102.80
64,Ivie,Paine,ipaine1r@squarespace.com,Female,204.126.252.77
65,Arin,Rummer,arummer1s@microsoft.com,Male,178.248.117.51
66,Thorndike,Plaunch,tplaunch1t@ask.com,Female,230.102.145.177
67,Pauly,Huitt,phuitt1u@mail.ru,Female,125.154.42.209
68,Simona,Folliott,sfolliott1v@tripod.com,Female,78.137.146.247
69,Cassondra,Southall,csouthall1w@w3.org,Male,113.123.242.91
70,Barty,Files,bfiles1x@yandex.ru,Female,130.120.144.121
71,Brita,Quince,bquince1y@clickbank.net,Genderqueer,170.141.57.75
72,Maurizio,Menlove,mmenlove1z@domainmarket.com,Female,165.231.122.252
73,Evangeline,Colquite,ecolquite20@tumblr.com,Female,140.125.45.246
74,Antoine,Sebborn,asebborn21@telegraph.co.uk,Polygender,101.220.87.218
75,Jeanie,Gabey,jgabey22@usnews.com,Male,193.112.99.140
76,Harlin,Dyett,hdyett23@slate.com,Non-binary,14.63.163.98
77,Kary,Emor,kemor24@telegraph.co.uk,Male,244.21.166.120
78,Mateo,Renault,mrenault25@cbsnews.com,Female,65.239.17.76
79,Ludovika,Raycroft,lraycroft26@eepurl.com,Male,63.35.2.227
80,Cassaundra,Kettle,ckettle27@webmd.com,Female,202.138.18.146
81,Sydney,Whatson,swhatson28@de.vu,Female,235.108.76.220
82,Cati,Hughf,chughf29@epa.gov,Male,2.130.249.159
83,Adolpho,Ritelli,aritelli2a@house.gov,Male,73.104.92.151
84,Jermaine,Bockings,jbockings2b@archive.org,Genderfluid,18.173.208.2
85,Alfonse,Merida,amerida2c@sphinn.com,Male,30.182.138.66
86,Annmaria,Anthony,aanthony2d@bluehost.com,Male,192.215.227.171
87,Minette,Welham,mwelham2e@aboutads.info,Male,189.44.226.210
88,Carmelita,Loy,cloy2f@apple.com,Female,238.48.217.178
89,Thurstan,Edgeller,tedgeller2g@mlb.com,Male,11.17.226.239
90,Barris,Ingleby,bingleby2h@fotki.com,Polygender,233.235.225.242
91,Hetti,Claus,hclaus2i@over-blog.com,Female,147.172.64.16
92,Jan,Chappell,jchappell2j@sun.com,Female,243.40.92.190
93,Nealon,Daftor,ndaftor2k@ca.gov,Male,169.62.231.43
94,Reagan,Filliskirk,rfilliskirk2l@slate.com,Male,47.21.74.125
95,Katleen,Triplet,ktriplet2m@blog.com,Male,81.198.140.97
96,Ciro,Boyson,cboyson2n@bloglines.com,Male,32.107.46.242
97,Tonnie,Kilmartin,tkilmartin2o@cnbc.com,Male,166.229.18.86
98,Nev,Kerwin,nkerwin2p@opera.com,Male,249.68.159.21
99,Sanson,Mc Comb,smccomb2q@google.nl,Female,126.2.152.249
100,Birgitta,Nester,bnester2r@zdnet.com,Genderfluid,17.175.181.51
101,Ab,Begwell,abegwell2s@blog.com,Male,229.74.232.122
102,Gordy,Bricklebank,gbricklebank2t@ucsd.edu,Male,127.106.152.33
103,Kenny,Rudeyeard,krudeyeard2u@yahoo.com,Male,62.140.144.237
104,Nikolas,D'Ruel,ndruel2v@blog.com,Male,157.154.207.163
105,Aubree,Fraser,afraser2w@addthis.com,Agender,205.240.153.20
106,Horatia,Niblock,hniblock2x@desdev.cn,Female,117.80.133.255
107,Carine,Eltringham,celtringham2y@marriott.com,Female,160.211.120.225
108,Horten,Bedome,hbedome2z@shinystat.com,Female,13.189.60.246
109,Tory,Marsham,tmarsham30@un.org,Genderfluid,113.65.158.78
110,Daryl,Philott,dphilott31@wunderground.com,Male,41.141.215.253
111,Eziechiele,Calcraft,ecalcraft32@symantec.com,Female,251.31.15.111
112,Emmet,Lafoy,elafoy33@yellowbook.com,Male,94.102.201.55
113,Earl,Sandham,esandham34@cargocollective.com,Non-binary,32.100.60.98
114,Suzette,Folbige,sfolbige35@altervista.org,Female,200.47.51.52
115,Mary,Garwood,mgarwood36@cpanel.net,Female,90.196.82.70
116,Nil,Devericks,ndevericks37@simplemachines.org,Male,2.150.249.24
117,Scotty,Clelland,sclelland38@topsy.com,Male,152.92.77.190
118,Evelyn,Coneybeare,econeybeare39@gizmodo.com,Female,132.142.197.99
119,Harri,Mitchinson,hmitchinson3a@tiny.cc,Female,255.72.219.194
120,Basile,Spradbrow,bspradbrow3b@weibo.com,Female,58.13.147.190
121,Camellia,Hardwidge,chardwidge3c@ning.com,Non-binary,165.93.211.237
122,Dasi,Rangeley,drangeley3d@people.com.cn,Female,20.177.64.38
123,Arturo,Erskine,aerskine3e@creativecommons.org,Female,182.145.111.184
124,Willie,Seine,wseine3f@economist.com,Female,175.122.56.121
125,Mary,Scrowby,mscrowby3g@cornell.edu,Male,57.151.144.48
126,Bernie,Saville,bsaville3h@reverbnation.com,Female,81.248.78.153
127,Robbin,Capsey,rcapsey3i@shinystat.com,Male,219.25.89.20
128,Reidar,MacCrossan,rmaccrossan3j@accuweather.com,Female,13.8.83.130
129,Lilly,Geck,lgeck3k@godaddy.com,Male,96.222.140.121
130,Quincy,Eaglen,qeaglen3l@a8.net,Female,68.185.44.221
131,Murielle,Dulake,mdulake3m@loc.gov,Female,11.109.223.124
132,Annice,Brackenridge,abrackenridge3n@ycombinator.com,Female,66.249.119.148
133,Geoff,Loney,gloney3o@google.cn,Female,254.216.166.238
134,Tiler,Lambis,tlambis3p@vinaora.com,Genderfluid,153.43.235.11
135,Merrie,Han,mhan3q@github.com,Female,221.48.18.32
136,Corbet,Deuss,cdeuss3r@upenn.edu,Male,225.77.82.150
137,Alair,M'Barron,ambarron3s@va.gov,Male,167.255.60.126
138,Betsy,Sparry,bsparry3t@bbc.co.uk,Male,97.44.87.70
139,Krystyna,Teck,kteck3u@answers.com,Female,216.184.192.104
140,Trescha,Colomb,tcolomb3v@comcast.net,Bigender,77.113.204.54
141,Dalt,Daveren,ddaveren3w@ameblo.jp,Male,6.157.173.97
142,Velvet,Redholes,vredholes3x@etsy.com,Female,8.183.158.255
143,Beckie,Fourcade,bfourcade3y@sphinn.com,Male,100.2.3.29
144,Weylin,Slowan,wslowan3z@shutterfly.com,Female,183.118.251.35
145,Henrik,Bleacher,hbleacher40@nbcnews.com,Male,93.149.74.134
146,Sherri,Mingardo,smingardo41@edublogs.org,Female,200.124.31.179
147,Ivor,Dewbury,idewbury42@squidoo.com,Male,72.26.243.87
148,Bernete,MacDiarmond,bmacdiarmond43@cnn.com,Male,69.123.157.66
149,Granville,Barette,gbarette44@jimdo.com,Male,87.175.237.210
150,Karim,Gerriessen,kgerriessen45@delicious.com,Female,228.52.37.183
151,Salim,Poore,spoore46@cisco.com,Male,168.228.56.150
152,Ebba,Buske,ebuske47@aboutads.info,Male,109.64.148.21
153,Eilis,Ramshay,eramshay48@multiply.com,Male,38.112.4.124
154,Harrison,Mynett,hmynett49@statcounter.com,Male,233.217.169.108
155,Abigale,Beecham,abeecham4a@jalbum.net,Female,229.240.198.230
156,Joey,Emerson,jemerson4b@istockphoto.com,Female,27.237.191.2
157,Erminie,Cussons,ecussons4c@google.com,Male,236.100.82.76
158,Malina,Worsley,mworsley4d@yahoo.com,Female,187.194.244.211
159,Merrie,Padefield,mpadefield4e@businessweek.com,Male,74.2.235.214
160,Valentine,Clother,vclother4f@archive.org,Male,234.7.154.31
161,Dilly,Dacke,ddacke4g@booking.com,Female,48.236.228.44
162,Justis,Borg-Bartolo,jborgbartolo4h@oaic.gov.au,Female,214.184.86.99
163,Heriberto,Barchrameev,hbarchrameev4i@nba.com,Female,86.116.115.119
164,Weston,Penniall,wpenniall4j@blogger.com,Female,12.153.242.243
165,Johny,Broadbear,jbroadbear4k@buzzfeed.com,Male,103.112.155.210
166,Franciska,Sisneros,fsisneros4l@amazon.co.uk,Male,154.95.68.48
167,Querida,Ivell,qivell4m@google.ca,Female,47.59.230.223
168,Dianne,Gantlett,dgantlett4n@va.gov,Male,198.47.211.222
169,Agatha,Tuer,atuer4o@illinois.edu,Female,55.55.133.212
170,Christabel,Tambling,ctambling4p@furl.net,Female,244.151.134.121
171,Bank,Busfield,bbusfield4q@unicef.org,Male,247.40.190.23
172,Megen,Giaomozzo,mgiaomozzo4r@alibaba.com,Female,211.120.155.252
173,Field,Culverhouse,fculverhouse4s@squarespace.com,Male,146.228.175.221
174,Jodie,Challin,jchallin4t@berkeley.edu,Male,80.150.165.219
175,Hakeem,Comberbeach,hcomberbeach4u@shareasale.com,Non-binary,247.219.152.186
176,Bondy,Bezley,bbezley4v@barnesandnoble.com,Bigender,196.162.152.47
177,Bordy,Paynter,bpaynter4w@t-online.de,Genderfluid,172.146.238.106
178,Temp,Ferrarotti,tferrarotti4x@archive.org,Female,241.131.190.117
179,Merrile,Kington,mkington4y@list-manage.com,Male,189.158.103.166
180,Brenda,Jacquot,bjacquot4z@wp.com,Bigender,172.106.34.66
181,Westbrooke,Choffin,wchoffin50@who.int,Female,125.222.202.157
182,Elmira,MacKimm,emackimm51@time.com,Female,213.145.182.60
183,Elyn,McGuigan,emcguigan52@gizmodo.com,Male,169.8.172.121
184,Becka,Mahmood,bmahmood53@imgur.com,Female,177.213.154.121
185,Sylvia,Brellin,sbrellin54@home.pl,Female,254.84.223.57
186,Roshelle,Walworth,rwalworth55@symantec.com,Female,90.198.91.193
187,Hallsy,Robyns,hrobyns56@zdnet.com,Female,128.153.188.38
188,Jeremias,Yushachkov,jyushachkov57@weather.com,Female,247.150.251.228
189,Dee dee,Eggleston,deggleston58@wikia.com,Male,130.100.83.49
190,Jerome,Kennifeck,jkennifeck59@jugem.jp,Non-binary,30.155.238.203
191,Madison,Edgcombe,medgcombe5a@thetimes.co.uk,Female,71.5.50.226
192,Ketti,Hailes,khailes5b@fastcompany.com,Male,140.131.41.204
193,Karl,Boscott,kboscott5c@t-online.de,Genderqueer,179.126.221.70
194,Holmes,Wharin,hwharin5d@instagram.com,Male,25.254.198.32
195,Allistir,Beech,abeech5e@npr.org,Female,240.253.116.255
196,Bettine,Godmar,bgodmar5f@hugedomains.com,Male,160.255.211.49
197,Tandie,Alders,talders5g@theatlantic.com,Female,212.182.165.234
198,Wandis,Brentnall,wbrentnall5h@virginia.edu,Female,21.223.199.143
199,Joelie,Caswall,jcaswall5i@de.vu,Bigender,39.213.41.124
200,Cesya,Novichenko,cnovichenko5j@live.com,Genderqueer,114.228.203.53
201,Kerry,Beininck,kbeininck5k@senate.gov,Female,150.90.50.47
202,Godard,Cabrer,gcabrer5l@addtoany.com,Male,236.195.202.225
203,Eimile,L'Amie,elamie5m@cbc.ca,Male,170.127.245.147
204,Kassandra,Delhay,kdelhay5n@themeforest.net,Female,54.169.76.142
205,Raynor,Currington,rcurrington5o@drupal.org,Male,129.65.216.94
206,Warden,Le Breton,wlebreton5p@quantcast.com,Male,203.232.7.50
207,Randi,Harker,rharker5q@weebly.com,Female,52.173.43.14
208,Martina,Docwra,mdocwra5r@amazonaws.com,Female,242.122.51.0
209,Errol,Woodier,ewoodier5s@cnet.com,Female,98.123.105.117
210,Leonid,Iglesia,liglesia5t@buzzfeed.com,Male,95.155.73.114
211,Bethena,Perford,bperford5u@ucsd.edu,Female,163.179.177.165
212,Libbi,Tolerton,ltolerton5v@cdbaby.com,Male,173.132.21.27
213,Florella,Juniper,fjuniper5w@bandcamp.com,Male,249.240.146.221
214,Reed,Uvedale,ruvedale5x@imdb.com,Male,164.167.153.156
215,Anabelle,Jaszczak,ajaszczak5y@walmart.com,Agender,93.161.184.151
216,Beauregard,Dundon,bdundon5z@vkontakte.ru,Male,116.175.250.163
217,Claiborne,Franzoli,cfranzoli60@oaic.gov.au,Female,146.71.12.119
218,Syman,Gillebride,sgillebride61@tinyurl.com,Male,142.104.37.220
219,Katerine,Reely,kreely62@live.com,Female,146.231.178.102
220,Gallard,Dyer,gdyer63@cbc.ca,Female,107.255.7.137
221,Ingeborg,Mackison,imackison64@time.com,Male,116.106.240.130
222,Jule,Muddle,jmuddle65@cornell.edu,Male,44.14.156.109
223,Joannes,Chuter,jchuter66@sphinn.com,Female,222.76.115.87
224,Karlyn,Vasyunin,kvasyunin67@tumblr.com,Female,35.2.10.72
225,Isidora,Swepson,iswepson68@samsung.com,Female,192.77.171.167
226,Richard,Kubczak,rkubczak69@tamu.edu,Non-binary,187.192.206.29
227,Adiana,Kirkland,akirkland6a@twitpic.com,Female,248.244.234.17
228,Suki,Lincey,slincey6b@taobao.com,Female,18.144.181.12
229,Rourke,Meighan,rmeighan6c@typepad.com,Male,71.80.233.167
230,Hattie,Hartnup,hhartnup6d@apache.org,Male,180.167.152.250
231,Mathian,Scalera,mscalera6e@discuz.net,Non-binary,106.86.64.253
232,Otis,McCurrie,omccurrie6f@ezinearticles.com,Female,12.33.204.78
233,Scott,Coleson,scoleson6g@bandcamp.com,Male,24.72.203.144
234,Bevvy,Kondrachenko,bkondrachenko6h@wiley.com,Male,86.127.138.81
235,Bunnie,Newcombe,bnewcombe6i@mail.ru,Female,118.153.234.249
236,Chiquita,Ackenhead,cackenhead6j@51.la,Female,220.123.75.131
237,Anatola,Chafer,achafer6k@jimdo.com,Female,7.219.144.227
238,Annabell,Piet,apiet6l@1688.com,Male,24.10.31.81
239,Jerrine,Gellert,jgellert6m@dot.gov,Male,46.63.37.3
240,Fleur,Brumham,fbrumham6n@indiegogo.com,Male,106.87.32.148
241,Fionna,Guerrero,fguerrero6o@tiny.cc,Female,0.42.151.129
242,Delmar,Pendergast,dpendergast6p@blog.com,Male,251.91.159.120
243,Emilio,Daud,edaud6q@google.ru,Female,55.80.208.147
244,Huntlee,Schermick,hschermick6r@dion.ne.jp,Female,75.111.73.193
245,Alli,Avery,aavery6s@woothemes.com,Male,189.86.90.199
246,Felice,Befroy,fbefroy6t@usatoday.com,Female,194.113.132.102
247,Osborn,Leishman,oleishman6u@economist.com,Male,247.23.239.140
248,Terrel,Randell,trandell6v@flickr.com,Female,154.98.31.93
249,Hiram,Jonah,hjonah6w@mozilla.com,Female,61.234.112.38
250,Dorena,Davidoff,ddavidoff6x@biglobe.ne.jp,Female,60.60.212.121
251,Gray,Fulep,gfulep6y@weebly.com,Male,97.175.134.246
252,Andee,Noblet,anoblet6z@walmart.com,Female,222.130.195.195
253,Eulalie,Slade,eslade70@baidu.com,Female,128.134.238.231
254,Dorena,Renforth,drenforth71@hubpages.com,Male,137.135.160.144
255,Noellyn,Bulward,nbulward72@google.it,Male,11.26.220.218
256,Brook,Richings,brichings73@prnewswire.com,Male,66.107.186.108
257,Dimitry,Donaghie,ddonaghie74@360.cn,Male,13.54.84.141
258,Eloisa,Delicate,edelicate75@slashdot.org,Male,242.142.185.22
259,Adelheid,Wordesworth,awordesworth76@tripadvisor.com,Female,237.40.148.252
260,Connie,Prevost,cprevost77@google.cn,Male,161.158.151.97
261,Manda,Brummitt,mbrummitt78@jimdo.com,Female,89.80.232.211
262,Josh,Hinkes,jhinkes79@amazonaws.com,Female,178.90.74.251
263,Jard,Duplain,jduplain7a@bandcamp.com,Female,153.50.215.137
264,Candi,Hamill,chamill7b@phpbb.com,Female,242.155.54.214
265,Sarita,Healing,shealing7c@slate.com,Female,144.238.108.59
266,Reba,Olivazzi,rolivazzi7d@smugmug.com,Genderfluid,156.141.190.175
267,Gerladina,Fewkes,gfewkes7e@ovh.net,Male,228.138.13.168
268,Neale,Lumbly,nlumbly7f@cdc.gov,Non-binary,216.93.221.121
269,Nathalia,Roughey,nroughey7g@alibaba.com,Female,183.131.117.240
270,Aidan,Gofford,agofford7h@economist.com,Male,192.249.57.190
271,George,Saller,gsaller7i@feedburner.com,Male,66.154.220.86
272,Dorrie,Cummins,dcummins7j@prnewswire.com,Female,89.128.126.29
273,Tonia,Wooffinden,twooffinden7k@smh.com.au,Female,183.61.147.13
274,Florinda,Duthie,fduthie7l@ning.com,Female,20.45.229.42
275,Bartlet,Macilhench,bmacilhench7m@quantcast.com,Male,177.95.221.4
276,Vonni,Mougin,vmougin7n@blogtalkradio.com,Female,9.221.204.207
277,Jordain,Balcock,jbalcock7o@springer.com,Male,18.93.114.220
278,Gunner,Lanning,glanning7p@flavors.me,Male,56.145.249.133
279,Karina,Rapp,krapp7q@google.de,Male,53.108.229.195
280,Rhianna,Wyard,rwyard7r@earthlink.net,Polygender,65.228.134.133
281,Arlana,Stollery,astollery7s@sphinn.com,Male,96.226.118.20
282,Hortense,Inderwick,hinderwick7t@behance.net,Genderqueer,163.163.212.134
283,Baxie,Grishakov,bgrishakov7u@pagesperso-orange.fr,Female,214.244.188.77
284,Delinda,Hutcheons,dhutcheons7v@wufoo.com,Male,108.37.232.248
285,Rasla,Forshaw,rforshaw7w@boston.com,Male,159.142.107.235
286,Cairistiona,Paradine,cparadine7x@answers.com,Female,136.55.240.182
287,Madison,Dutnall,mdutnall7y@newyorker.com,Male,206.187.69.46
288,Gale,McIver,gmciver7z@reference.com,Female,69.174.237.253
289,Alaric,De Fraine,adefraine80@deviantart.com,Male,195.10.150.224
290,Skell,Domenge,sdomenge81@columbia.edu,Female,214.132.12.237
291,Josefa,Grisdale,jgrisdale82@weibo.com,Female,74.103.7.74
292,Ephrayim,Tristram,etristram83@state.gov,Male,214.181.224.191
293,Justen,Hender,jhender84@blogspot.com,Female,159.239.100.115
294,Fredrick,Fricke,ffricke85@newsvine.com,Female,35.177.2.1
295,Carmon,Bavage,cbavage86@rakuten.co.jp,Male,170.68.75.136
296,Bernard,Brotherick,bbrotherick87@posterous.com,Male,216.65.171.117
297,Thibaud,Jolliff,tjolliff88@booking.com,Bigender,44.108.243.45
298,Jeremy,Whyborne,jwhyborne89@bbc.co.uk,Male,79.65.98.33
299,Marabel,Robey,mrobey8a@weather.com,Female,14.119.217.91
300,Humfried,Toolin,htoolin8b@nymag.com,Male,0.149.4.164
301,Paolo,MacIlraith,pmacilraith8c@wufoo.com,Male,141.188.49.74
302,Alvira,Krolle,akrolle8d@seattletimes.com,Female,44.49.135.57
303,Christophorus,Cardus,ccardus8e@newsvine.com,Male,163.182.199.211
304,Merell,Attersoll,mattersoll8f@about.com,Female,186.158.236.70
305,Marty,Gert,mgert8g@last.fm,Female,31.78.226.13
306,Francklin,McGahern,fmcgahern8h@list-manage.com,Male,113.176.223.87
307,Krystle,Chestney,kchestney8i@hud.gov,Female,73.77.54.65
308,Blair,Whife,bwhife8j@xing.com,Female,29.159.84.193
309,Eilis,Varah,evarah8k@msu.edu,Female,254.133.129.123
310,Avictor,Sarrell,asarrell8l@indiatimes.com,Female,216.16.140.57
311,Darcee,Longland,dlongland8m@army.mil,Female,149.106.241.93
312,Derry,Voice,dvoice8n@studiopress.com,Genderfluid,106.241.245.77
313,Sandro,Fahy,sfahy8o@shop-pro.jp,Female,201.229.137.238
314,Daffy,Fyall,dfyall8p@arizona.edu,Male,47.55.8.182
315,Shadow,Perrigo,sperrigo8q@yelp.com,Male,82.246.137.48
316,Bronson,Rubinfajn,brubinfajn8r@cam.ac.uk,Male,53.128.62.45
317,Elmo,Haldon,ehaldon8s@purevolume.com,Male,24.223.240.87
318,Dominic,Gostage,dgostage8t@bing.com,Male,130.133.78.166
319,Cedric,Dottridge,cdottridge8u@walmart.com,Male,204.82.226.241
320,Thia,Lefeuvre,tlefeuvre8v@freewebs.com,Female,63.186.17.56
321,Hirsch,Neesam,hneesam8w@godaddy.com,Female,50.172.25.107
322,Lenka,Freckelton,lfreckelton8x@flavors.me,Male,53.82.235.57
323,Audre,Lewsam,alewsam8y@ehow.com,Male,33.216.235.150
324,Brooke,Nobriga,bnobriga8z@cnbc.com,Female,227.139.145.195
325,Minnaminnie,Claydon,mclaydon90@adobe.com,Female,213.63.175.249
326,Laurette,Hubbard,lhubbard91@163.com,Female,36.76.99.48
327,Eadmund,Bachelar,ebachelar92@chron.com,Male,59.250.154.160
328,Bryanty,Skittrell,bskittrell93@pagesperso-orange.fr,Female,48.89.24.143
329,Mirabella,Astlett,mastlett94@businesswire.com,Male,66.107.151.208
330,Lenette,Gosart,lgosart95@lycos.com,Female,114.215.10.151
331,Marja,Capineer,mcapineer96@networksolutions.com,Male,66.33.70.125
332,Marcelia,Darbyshire,mdarbyshire97@economist.com,Male,109.253.112.157
333,Christopher,Petschelt,cpetschelt98@slashdot.org,Female,44.166.111.68
334,Franni,Witherop,fwitherop99@google.it,Female,104.225.177.118
335,Jerrilyn,Shalliker,jshalliker9a@cbslocal.com,Female,77.75.143.133
336,Bard,Bangle,bbangle9b@businesswire.com,Female,152.148.44.238
337,Casper,De Mico,cdemico9c@zimbio.com,Male,21.53.240.12
338,Nanete,Grodden,ngrodden9d@comcast.net,Female,7.194.157.148
339,Isidore,Glassup,iglassup9e@spotify.com,Male,151.52.6.196
340,Carolus,Ruecastle,cruecastle9f@mysql.com,Female,185.49.64.96
341,Hilde,Antoniades,hantoniades9g@opera.com,Male,117.166.48.236
342,Sheelah,Gabbetis,sgabbetis9h@icio.us,Male,77.75.57.221
343,Minnaminnie,Norley,mnorley9i@omniture.com,Genderqueer,153.140.80.28
344,Daphene,Hansberry,dhansberry9j@angelfire.com,Male,0.40.170.219
345,Devy,Worters,dworters9k@yellowpages.com,Female,252.56.26.111
346,Sansone,Abrams,sabrams9l@usatoday.com,Female,161.18.193.192
347,Brannon,Lushey,blushey9m@acquirethisname.com,Male,59.19.233.22
348,Sherwynd,Vallentin,svallentin9n@quantcast.com,Female,205.25.162.99
349,Mill,Birkinshaw,mbirkinshaw9o@eventbrite.com,Male,208.74.216.24
350,Nanny,Swepstone,nswepstone9p@wix.com,Male,226.46.38.99
351,Carolee,Allett,callett9q@ox.ac.uk,Polygender,189.144.84.136
352,Sharona,Wadmore,swadmore9r@globo.com,Female,122.63.249.220
353,Mickey,Dmytryk,mdmytryk9s@bigcartel.com,Female,217.38.141.232
354,Jordon,Dumini,jdumini9t@comcast.net,Male,43.33.132.72
355,Barb,Moyler,bmoyler9u@theatlantic.com,Polygender,206.112.139.207
356,Niven,Cutteridge,ncutteridge9v@miitbeian.gov.cn,Agender,39.66.36.37
357,Coop,Lamport,clamport9w@so-net.ne.jp,Male,194.227.167.174
358,Elroy,Fitzroy,efitzroy9x@opensource.org,Female,169.245.147.113
359,Brigg,Dockrell,bdockrell9y@digg.com,Male,115.15.164.60
360,Lorene,Guinness,lguinness9z@msn.com,Female,7.200.176.178
361,Elsie,Windus,ewindusa0@ocn.ne.jp,Male,72.154.102.210
362,Torin,Beaushaw,tbeaushawa1@craigslist.org,Male,30.169.252.141
363,Keane,Lawlan,klawlana2@fda.gov,Female,84.46.231.133
364,Garrot,Theakston,gtheakstona3@cdc.gov,Female,113.229.138.44
365,Regina,O'Luby,rolubya4@w3.org,Female,140.21.32.62
366,Clint,Rearden,creardena5@wikipedia.org,Male,248.208.136.91
367,Verna,Balleine,vballeinea6@dell.com,Female,221.217.253.100
368,Bea,Villalta,bvillaltaa7@yolasite.com,Male,138.102.129.177
369,Amaleta,Bantham,abanthama8@huffingtonpost.com,Male,47.72.103.13
370,Louis,Bitterton,lbittertona9@time.com,Female,106.170.69.31
371,Cori,Bridgeland,cbridgelandaa@reuters.com,Male,45.190.2.227
372,Vaclav,Pidgen,vpidgenab@163.com,Genderfluid,179.81.182.239
373,Curtis,Gransden,cgransdenac@elegantthemes.com,Male,33.165.145.214
374,Murielle,Yegorovnin,myegorovninad@china.com.cn,Male,206.170.56.180
375,Wilburt,Antosik,wantosikae@theguardian.com,Female,121.17.112.249
376,Kay,Wolfers,kwolfersaf@admin.ch,Male,8.144.86.175
377,Glori,Rainbird,grainbirdag@privacy.gov.au,Male,227.189.53.181
378,Giulietta,Ivashkin,givashkinah@cafepress.com,Male,10.173.6.74
379,Garnet,Kliner,gklinerai@tmall.com,Male,59.220.152.197
380,Darb,Cacacie,dcacacieaj@oakley.com,Male,143.176.249.233
381,Mason,De Ortega,mdeortegaak@latimes.com,Male,139.126.25.5
382,Delmor,Windram,dwindramal@so-net.ne.jp,Male,203.39.95.239
383,Olav,Cusick,ocusickam@jimdo.com,Female,43.216.63.209
384,Darren,Bugge,dbuggean@imgur.com,Female,195.89.57.96
385,Blanch,Preece,bpreeceao@spotify.com,Male,0.78.234.182
386,Vania,Freeland,vfreelandap@1688.com,Male,5.52.206.15
387,Maxine,Sidwick,msidwickaq@godaddy.com,Female,158.149.64.97
388,Marita,McCoid,mmccoidar@dagondesign.com,Male,63.218.248.249
389,Jandy,Adnett,jadnettas@altervista.org,Female,235.159.59.13
390,Margalo,Prater,mpraterat@tumblr.com,Female,185.173.89.247
391,Donny,Hatherley,dhatherleyau@si.edu,Male,143.205.20.95
392,Tobye,Stimson,tstimsonav@networkadvertising.org,Female,151.32.56.41
393,Gabi,Bovingdon,gbovingdonaw@independent.co.uk,Female,178.19.37.232
394,Tedmund,Dendle,tdendleax@uol.com.br,Male,53.206.67.74
395,Nessy,Scala,nscalaay@timesonline.co.uk,Male,232.167.182.22
396,Leena,Moules,lmoulesaz@domainmarket.com,Female,98.35.20.174
397,Perrine,Winn,pwinnb0@purevolume.com,Female,61.108.31.45
398,Malissia,Eddoes,meddoesb1@ihg.com,Female,169.138.213.248
399,Augustine,Twelvetrees,atwelvetreesb2@mapquest.com,Female,63.180.64.169
400,Stevie,Hoxey,shoxeyb3@cisco.com,Male,113.203.210.173
401,Jessi,Dengel,jdengelb4@a8.net,Female,167.118.112.202
402,Christophorus,Weildish,cweildishb5@scientificamerican.com,Female,127.183.80.30
403,Filmer,Ellerton,fellertonb6@networkadvertising.org,Female,201.92.131.64
404,Susette,Foote,sfooteb7@cbsnews.com,Male,150.26.208.85
405,Rutherford,Johanchon,rjohanchonb8@plala.or.jp,Male,144.92.241.191
406,Osmund,Laddle,oladdleb9@pbs.org,Female,111.50.68.104
407,Nickola,Vesty,nvestyba@huffingtonpost.com,Male,176.67.117.24
408,Rhoda,Conachie,rconachiebb@prnewswire.com,Male,98.13.34.67
409,Lynnelle,Gwatkins,lgwatkinsbc@bloglovin.com,Female,97.137.71.226
410,Eulalie,Arundale,earundalebd@hud.gov,Female,146.25.110.181
411,Ediva,Vasyukhichev,evasyukhichevbe@nsw.gov.au,Male,70.90.10.227
412,Yalonda,Bloor,ybloorbf@unc.edu,Female,46.18.99.56
413,Grete,Rother,grotherbg@sina.com.cn,Male,210.158.124.109
414,Marylinda,Semark,msemarkbh@twitter.com,Female,238.139.52.12
415,Brett,Rees,breesbi@hp.com,Female,221.184.15.3
416,Guinevere,Jiru,gjirubj@scribd.com,Male,20.24.12.45
417,Brittney,Langtree,blangtreebk@fastcompany.com,Male,116.205.176.2
418,Ram,Hatherleigh,rhatherleighbl@jigsy.com,Male,28.118.16.212
419,Grannie,Linthead,glintheadbm@cnbc.com,Male,25.140.180.238
420,Thibaut,Usher,tusherbn@zdnet.com,Female,1.235.3.134
421,Thalia,Pinckney,tpinckneybo@squidoo.com,Female,89.142.203.28
422,Marten,Ramos,mramosbp@tripod.com,Female,122.235.33.108
423,Britt,Mitchelson,bmitchelsonbq@xrea.com,Female,56.130.170.60
424,Dell,Busfield,dbusfieldbr@last.fm,Male,191.201.215.214
425,Betsy,Pirot,bpirotbs@cloudflare.com,Male,105.24.247.226
426,Nomi,Dudding,nduddingbt@list-manage.com,Female,73.10.89.127
427,Savina,Sarrell,ssarrellbu@apache.org,Male,76.97.115.127
428,Patrice,Dalgliesh,pdalglieshbv@yale.edu,Female,50.118.101.126
429,Ardene,Kose,akosebw@google.com.hk,Male,199.7.120.141
430,Kiersten,Antal,kantalbx@cnet.com,Male,149.146.146.148
431,Jacques,Elsby,jelsbyby@deliciousdays.com,Male,17.208.86.26
432,Dallis,Hudless,dhudlessbz@home.pl,Male,141.99.124.164
433,Nye,Gwatkin,ngwatkinc0@g.co,Female,68.149.9.118
434,Kassia,Doel,kdoelc1@multiply.com,Female,111.224.176.2
435,Vaughn,Bidnall,vbidnallc2@answers.com,Genderqueer,175.76.100.36
436,Maurise,Pagin,mpaginc3@theguardian.com,Male,207.10.228.111
437,Cecil,Rosini,crosinic4@ed.gov,Male,58.50.216.198
438,Misty,Leopold,mleopoldc5@japanpost.jp,Male,235.201.52.157
439,Darby,Beetles,dbeetlesc6@creativecommons.org,Female,3.171.21.173
440,Camile,Nozzolii,cnozzoliic7@oracle.com,Male,99.151.189.37
441,Timmy,McLarnon,tmclarnonc8@deliciousdays.com,Female,252.223.105.77
442,Merrily,Vaines,mvainesc9@google.com,Male,235.37.232.168
443,Sean,Como,scomoca@yellowpages.com,Female,47.110.37.132
444,Dalia,Cheeld,dcheeldcb@dot.gov,Male,147.232.172.252
445,Sayres,Cosyns,scosynscc@si.edu,Male,63.110.46.27
446,Darcy,Gianetti,dgianetticd@blogtalkradio.com,Female,49.226.166.219
447,Lotta,Dillow,ldillowce@mediafire.com,Female,14.144.17.226
448,Fredia,Tourot,ftourotcf@unesco.org,Male,97.197.20.135
449,Ricard,Tangye,rtangyecg@addthis.com,Male,198.157.31.102
450,Cleveland,Burkert,cburkertch@hp.com,Female,255.97.83.229
451,Almire,Colenutt,acolenuttci@apache.org,Male,230.89.34.205
452,Georgeta,Bradock,gbradockcj@examiner.com,Female,27.222.141.189
453,Poul,Sumpton,psumptonck@weather.com,Female,216.237.223.60
454,Hamid,Remon,hremoncl@qq.com,Male,19.122.28.47
455,Ashlee,Chalice,achalicecm@census.gov,Female,10.204.83.129
456,Gualterio,Pinks,gpinkscn@imgur.com,Male,31.165.42.174
457,Germana,Poundesford,gpoundesfordco@friendfeed.com,Male,92.243.10.214
458,Willette,Heake,wheakecp@wikia.com,Male,98.117.253.146
459,Rayshell,Baltzar,rbaltzarcq@exblog.jp,Female,81.119.183.202
460,Flossi,Sweetzer,fsweetzercr@a8.net,Male,65.178.26.23
461,Gannon,Cousins,gcousinscs@zdnet.com,Male,6.80.178.56
462,Collette,Gianotti,cgianottict@example.com,Female,41.119.109.255
463,Hartley,Walker,hwalkercu@ibm.com,Male,228.219.246.222
464,Brad,Everix,beverixcv@dedecms.com,Male,61.68.157.19
465,Bret,Gabbatt,bgabbattcw@mapy.cz,Female,230.165.243.80
466,Brennen,Langthorne,blangthornecx@bluehost.com,Agender,109.192.179.26
467,Alec,Pigne,apignecy@ucsd.edu,Genderfluid,59.58.143.3
468,Tabatha,Pennaman,tpennamancz@gnu.org,Female,108.243.193.175
469,Uriah,De Blase,udeblased0@youtu.be,Female,183.78.132.17
470,Manolo,Kehoe,mkehoed1@bing.com,Male,133.145.86.187
471,Ynez,Deguara,ydeguarad2@toplist.cz,Male,137.231.67.125
472,Joelie,Cowper,jcowperd3@4shared.com,Female,16.16.72.99
473,Ailyn,Engeham,aengehamd4@deviantart.com,Female,139.35.47.50
474,Lennie,Giacobazzi,lgiacobazzid5@ask.com,Male,70.106.130.179
475,Hertha,Glitherow,hglitherowd6@odnoklassniki.ru,Male,212.30.83.11
476,Merrill,Durtnall,mdurtnalld7@123-reg.co.uk,Male,69.165.159.28
477,Andriette,Nineham,aninehamd8@businessinsider.com,Male,219.17.3.55
478,Mahmud,Caudle,mcaudled9@naver.com,Female,151.194.30.145
479,Consuelo,Farlowe,cfarloweda@dagondesign.com,Male,193.18.179.56
480,Guilbert,Olphert,golphertdb@com.com,Female,24.199.95.253
481,Vinnie,Busen,vbusendc@ustream.tv,Bigender,142.47.229.220
482,Reinaldos,Helkin,rhelkindd@google.com.hk,Female,2.179.66.147
483,Tobey,Mulqueeny,tmulqueenyde@cbslocal.com,Male,255.25.107.43
484,Alphard,Cuttings,acuttingsdf@topsy.com,Male,160.106.103.100
485,Kendrick,Ianitti,kianittidg@google.fr,Male,123.46.192.47
486,Nollie,Varcoe,nvarcoedh@php.net,Female,205.79.80.232
487,Claiborne,Corkhill,ccorkhilldi@barnesandnoble.com,Female,98.244.90.134
488,Lin,Atter,latterdj@latimes.com,Agender,125.215.19.129
489,Rose,Seamans,rseamansdk@etsy.com,Female,85.6.80.185
490,Jacob,Newburn,jnewburndl@sourceforge.net,Female,239.46.194.163
491,Romy,Barkess,rbarkessdm@blogspot.com,Male,242.163.26.212
492,Job,Kershow,jkershowdn@ow.ly,Male,17.128.119.83
493,Fonsie,Mibourne,fmibournedo@friendfeed.com,Agender,213.122.112.220
494,Elijah,Briddock,ebriddockdp@imgur.com,Male,135.80.194.118
495,Garner,Corryer,gcorryerdq@so-net.ne.jp,Female,232.225.52.202
496,Corey,Matkovic,cmatkovicdr@altervista.org,Female,188.206.96.171
497,Ilario,Peregrine,iperegrineds@nba.com,Female,201.35.221.121
498,Base,Robbins,brobbinsdt@skyrock.com,Female,67.45.235.5
499,Auberta,Plom,aplomdu@purevolume.com,Male,159.53.22.99
500,Suzann,Capineer,scapineerdv@phoca.cz,Female,220.100.39.128
501,Michael,Horsburgh,mhorsburghdw@addtoany.com,Female,7.136.115.20
502,Matthias,Aslett,maslettdx@go.com,Female,140.114.235.170
503,Emmerich,Garriock,egarriockdy@multiply.com,Genderqueer,154.89.2.209
504,Rosetta,Gilhespy,rgilhespydz@soundcloud.com,Male,45.36.250.94
505,Daveen,Morphet,dmorphete0@craigslist.org,Female,94.252.201.115
506,Pippa,Flaubert,pflauberte1@prlog.org,Female,205.145.32.76
507,Gillian,Gilhoolie,ggilhooliee2@scribd.com,Non-binary,65.113.236.4
508,Vania,Kingman,vkingmane3@mediafire.com,Female,251.23.239.236
509,Griff,Cullington,gcullingtone4@psu.edu,Male,64.9.109.242
510,Salmon,Wederell,swederelle5@joomla.org,Male,101.215.108.19
511,Sosanna,McGaugan,smcgaugane6@ameblo.jp,Male,150.80.121.210
512,Adah,Leslie,alesliee7@cafepress.com,Female,50.44.71.41
513,Brooks,Noorwood,bnoorwoode8@flavors.me,Female,127.146.75.212
514,Chelsey,Bastin,cbastine9@archive.org,Male,11.104.111.9
515,Birdie,Rushforth,brushforthea@sourceforge.net,Male,40.57.14.98
516,Bibi,Palfree,bpalfreeeb@gmpg.org,Female,123.167.146.250
517,Sarge,Bonsall,sbonsallec@sciencedirect.com,Female,143.253.242.92
518,Sayres,Mayman,smaymaned@1und1.de,Female,91.37.211.9
519,Todd,Parnaby,tparnabyee@pagesperso-orange.fr,Female,88.119.212.151
520,Appolonia,Tarte,atarteef@reverbnation.com,Female,159.29.168.2
521,Miller,Braybrookes,mbraybrookeseg@chicagotribune.com,Female,44.29.4.195
522,Ulrikaumeko,Stamp,ustampeh@51.la,Male,62.44.77.243
523,Joyann,Baldery,jbalderyei@washingtonpost.com,Female,187.223.186.117
524,Rhett,De Courtney,rdecourtneyej@angelfire.com,Male,58.74.25.134
525,Rick,Dicker,rdickerek@histats.com,Female,68.70.182.44
526,Andreas,Korpolak,akorpolakel@sogou.com,Male,73.60.30.227
527,Hortensia,Pelling,hpellingem@cdbaby.com,Male,55.171.52.244
528,Lewes,Mingey,lmingeyen@berkeley.edu,Male,226.23.203.239
529,Ky,McDell,kmcdelleo@nbcnews.com,Male,106.150.29.228
530,Nora,Gillmore,ngillmoreep@dmoz.org,Male,126.208.48.54
531,Amelie,Yockney,ayockneyeq@de.vu,Male,34.195.118.55
532,Cordell,Cordeux,ccordeuxer@sciencedirect.com,Male,20.174.82.198
533,Miquela,Torrijos,mtorrijoses@theglobeandmail.com,Female,210.217.194.56
534,Florry,Hurst,fhurstet@dedecms.com,Male,68.169.41.226
535,Meyer,Sherbourne,msherbourneeu@virginia.edu,Male,27.24.77.89
536,Blinny,Miko,bmikoev@desdev.cn,Female,170.3.168.114
537,Konrad,Hamly,khamlyew@stanford.edu,Genderqueer,187.242.39.57
538,Adams,Legrice,alegriceex@ameblo.jp,Male,155.153.142.126
539,Rivy,Gebby,rgebbyey@icio.us,Female,231.149.118.206
540,Nealon,Blamey,nblameyez@dmoz.org,Female,172.143.234.233
541,Agnes,McQuaker,amcquakerf0@tinypic.com,Female,99.199.70.93
542,Fremont,Squire,fsquiref1@trellian.com,Female,21.171.97.140
543,Annecorinne,Gillyatt,agillyattf2@1und1.de,Male,87.242.161.182
544,Ros,Arderne,rardernef3@bloglovin.com,Male,130.3.57.159
545,Lanny,Christoforou,lchristoforouf4@accuweather.com,Female,78.42.35.172
546,Betty,Fehner,bfehnerf5@uol.com.br,Male,228.126.44.99
547,Bibi,Seadon,bseadonf6@illinois.edu,Female,224.189.198.87
548,Rachael,D'Hooge,rdhoogef7@miibeian.gov.cn,Female,144.133.75.103
549,Wallas,Annatt,wannattf8@nsw.gov.au,Female,73.34.138.205
550,Genevra,Woonton,gwoontonf9@time.com,Female,146.190.198.218
551,Gnni,Bleything,gbleythingfa@cdc.gov,Male,162.203.230.113
552,Gayel,Hutcheon,ghutcheonfb@aboutads.info,Female,151.34.75.140
553,Isidor,Traher,itraherfc@netlog.com,Female,112.206.249.206
554,Erich,Ciccotti,eciccottifd@mapquest.com,Male,103.89.101.31
555,Bruno,Axe,baxefe@amazon.de,Female,26.138.121.151
556,Agnella,Swancock,aswancockff@fastcompany.com,Female,178.156.173.68
557,Lewiss,Mokes,lmokesfg@indiatimes.com,Female,223.68.12.213
558,Mavis,Spaxman,mspaxmanfh@diigo.com,Male,113.114.221.36
559,Daune,Brickdale,dbrickdalefi@goodreads.com,Male,104.121.86.64
560,Palm,Fairbourne,pfairbournefj@disqus.com,Female,18.197.163.92
561,Roth,Lodevick,rlodevickfk@delicious.com,Male,150.118.236.144
562,Diego,Wigmore,dwigmorefl@wordpress.org,Female,23.19.32.97
563,Dacie,Auchterlony,dauchterlonyfm@newsvine.com,Male,169.106.11.110
564,Genevra,Stogill,gstogillfn@ucsd.edu,Female,219.168.229.82
565,Corabella,Creaven,ccreavenfo@unblog.fr,Female,85.221.88.190
566,Patin,Carvil,pcarvilfp@wunderground.com,Male,151.160.179.157
567,Sig,Cobon,scobonfq@vkontakte.ru,Male,10.46.164.130
568,Gavan,Wilber,gwilberfr@whitehouse.gov,Female,128.228.249.138
569,Forrester,Sexon,fsexonfs@biglobe.ne.jp,Male,18.254.4.133
570,Dawna,Demcak,ddemcakft@angelfire.com,Female,244.237.132.49
571,Georgie,Cornilli,gcornillifu@skyrock.com,Female,148.185.30.148
572,Demetre,Pennycock,dpennycockfv@fc2.com,Male,38.13.90.37
573,Constantin,Lezemere,clezemerefw@typepad.com,Female,136.132.99.138
574,Laurianne,Kydd,lkyddfx@deviantart.com,Female,119.148.204.5
575,Fanni,MacElholm,fmacelholmfy@merriam-webster.com,Female,248.127.86.77
576,Marlo,Clemo,mclemofz@edublogs.org,Female,51.119.40.197
577,Lydon,Piffe,lpiffeg0@google.pl,Male,24.205.232.157
578,Ingram,Piper,ipiperg1@comcast.net,Female,163.191.168.120
579,Vaughn,Fishwick,vfishwickg2@vistaprint.com,Male,236.0.189.187
580,Reyna,Jaukovic,rjaukovicg3@harvard.edu,Female,25.221.86.159
581,Lucky,Manvell,lmanvellg4@example.com,Non-binary,92.160.229.119
582,Tandie,Trosdall,ttrosdallg5@usatoday.com,Male,9.42.39.21
583,Ansell,Keel,akeelg6@joomla.org,Female,189.74.227.47
584,Regan,Menzies,rmenziesg7@nyu.edu,Male,174.247.255.223
585,Alexandrina,Botger,abotgerg8@tmall.com,Male,204.247.101.92
586,Loutitia,Enric,lenricg9@gmpg.org,Male,210.168.79.59
587,Lyndel,Dalrymple,ldalrymplega@mediafire.com,Female,113.227.102.24
588,Pammi,Prestland,pprestlandgb@youtu.be,Female,203.13.126.226
589,Matteo,Bulluck,mbulluckgc@blogger.com,Non-binary,220.86.227.103
590,Luella,Allcock,lallcockgd@howstuffworks.com,Female,171.138.0.113
591,Anastasia,Summerell,asummerellge@sogou.com,Male,218.124.218.27
592,Josefina,Huxter,jhuxtergf@vkontakte.ru,Male,18.25.226.190
593,Lilas,Tonsley,ltonsleygg@amazon.de,Female,130.115.236.157
594,Ninnetta,Sharrock,nsharrockgh@jalbum.net,Male,218.121.175.135
595,Nobie,Gumly,ngumlygi@utexas.edu,Female,179.182.144.244
596,Tally,Osbourne,tosbournegj@paginegialle.it,Male,151.102.87.106
597,Robinett,Premble,rpremblegk@about.me,Female,24.125.224.143
598,Lanna,Pischof,lpischofgl@phpbb.com,Polygender,255.48.215.25
599,Channa,Balaison,cbalaisongm@yahoo.co.jp,Male,17.227.167.78
600,Borg,Melin,bmelingn@eepurl.com,Female,27.1.226.197
601,Vidovik,Tripon,vtripongo@blogspot.com,Female,6.65.199.224
602,Templeton,Feria,tferiagp@xinhuanet.com,Male,44.121.174.41
603,Wynny,Corrie,wcorriegq@google.co.jp,Male,194.33.211.216
604,Brion,Shilton,bshiltongr@nytimes.com,Male,133.124.100.223
605,Filia,Stops,fstopsgs@ibm.com,Male,61.243.175.105
606,Meg,Kivell,mkivellgt@com.com,Female,201.197.144.161
607,Mehetabel,Peal,mpealgu@hp.com,Non-binary,109.70.70.143
608,Johnath,Ruske,jruskegv@adobe.com,Female,50.149.206.13
609,Cobb,Debney,cdebneygw@webmd.com,Male,115.84.69.63
610,Michaela,Rowet,mrowetgx@ft.com,Genderqueer,56.177.105.247
611,Percival,Billin,pbillingy@surveymonkey.com,Male,24.102.131.74
612,Carlos,Fallowes,cfallowesgz@aol.com,Male,46.188.162.160
613,Trixy,Cavnor,tcavnorh0@canalblog.com,Non-binary,172.44.176.106
614,Frieda,Dafforne,fdafforneh1@ycombinator.com,Male,174.29.62.188
615,Ruthann,Fairey,rfaireyh2@merriam-webster.com,Male,64.245.232.110
616,Lem,Stoakes,lstoakesh3@desdev.cn,Male,200.114.1.117
617,Lay,Albasini,lalbasinih4@google.com.br,Male,116.255.153.186
618,Diahann,Cottle,dcottleh5@youtu.be,Female,25.139.55.44
619,Dalton,Lown,dlownh6@is.gd,Female,95.16.194.66
620,Keven,Markie,kmarkieh7@xrea.com,Female,243.86.193.79
621,Tabb,Vero,tveroh8@trellian.com,Female,124.84.143.185
622,Lothaire,Gherardini,lgherardinih9@typepad.com,Male,35.254.91.217
623,Kip,Bleeze,kbleezeha@statcounter.com,Polygender,17.121.250.227
624,Lana,Conklin,lconklinhb@tmall.com,Female,142.212.209.7
625,Ajay,Blagden,ablagdenhc@friendfeed.com,Male,105.233.185.135
626,Liana,Beig,lbeighd@newyorker.com,Female,150.184.75.119
627,Lowrance,Edgecumbe,ledgecumbehe@nationalgeographic.com,Male,117.45.136.109
628,Emmalynne,Otter,eotterhf@1688.com,Female,42.153.76.111
629,Brittney,Pymm,bpymmhg@guardian.co.uk,Male,157.155.158.90
630,Ervin,Marshland,emarshlandhh@clickbank.net,Male,156.152.37.218
631,Riannon,Jobbins,rjobbinshi@livejournal.com,Female,118.36.90.238
632,Kevon,Instone,kinstonehj@oracle.com,Genderfluid,59.22.116.38
633,Nobe,Hedingham,nhedinghamhk@oracle.com,Bigender,70.231.49.251
634,Iver,Gravenor,igravenorhl@howstuffworks.com,Genderfluid,136.5.126.118
635,Murial,Webburn,mwebburnhm@prweb.com,Male,61.203.236.178
636,Thorvald,Aucoate,taucoatehn@t.co,Female,122.232.254.39
637,Twyla,Lyness,tlynessho@bloglovin.com,Male,80.67.12.203
638,Lona,Jacobovitch,ljacobovitchhp@reference.com,Male,43.217.25.162
639,Pippo,Capron,pcapronhq@hexun.com,Male,13.15.21.160
640,Frants,Tumber,ftumberhr@phoca.cz,Female,74.96.109.20
641,Kristos,Munkley,kmunkleyhs@squidoo.com,Male,128.153.31.168
642,Cesya,Hubberstey,chubbersteyht@blog.com,Female,9.71.65.247
643,Lynn,Leagas,lleagashu@forbes.com,Female,183.130.219.236
644,Geri,Shilburne,gshilburnehv@webnode.com,Female,22.89.84.93
645,Ermentrude,Loach,eloachhw@t.co,Male,4.58.247.101
646,Kean,Stapleford,kstaplefordhx@tinypic.com,Male,137.119.83.165
647,Alethea,Densey,adenseyhy@usda.gov,Male,146.83.108.224
648,Devin,Maudlen,dmaudlenhz@reuters.com,Bigender,122.92.59.207
649,Joannes,Poppleton,jpoppletoni0@homestead.com,Male,212.203.11.52
650,Raimondo,Dungate,rdungatei1@wikia.com,Male,23.119.218.149
651,Dagny,Gilfoyle,dgilfoylei2@fastcompany.com,Male,44.253.177.105
652,Zahara,Lewzey,zlewzeyi3@twitpic.com,Female,128.60.69.69
653,Timmy,Ferne,tfernei4@cnn.com,Male,207.17.107.102
654,Corissa,Ruddell,cruddelli5@gravatar.com,Male,215.51.17.105
655,Wilow,Moryson,wmorysoni6@unesco.org,Female,184.141.78.76
656,Cyrille,Leece,cleecei7@dot.gov,Female,154.123.128.5
657,Isadore,Tocque,itocquei8@toplist.cz,Non-binary,109.164.105.182
658,Agretha,Rayer,arayeri9@wsj.com,Male,141.161.245.120
659,Chery,Dobbings,cdobbingsia@techcrunch.com,Female,200.192.251.116
660,Noell,Davys,ndavysib@guardian.co.uk,Female,71.181.252.247
661,Nonie,Lassell,nlassellic@furl.net,Male,49.69.95.1
662,Clarabelle,Seymark,cseymarkid@purevolume.com,Female,145.233.114.124
663,Britt,Zoppo,bzoppoie@google.co.uk,Female,195.184.186.129
664,Marcos,Prine,mprineif@dailymotion.com,Male,19.147.192.71
665,Oberon,Wroath,owroathig@sciencedaily.com,Male,0.229.253.134
666,Alvie,Placidi,aplacidiih@economist.com,Female,76.186.150.4
667,Ramonda,Alldridge,ralldridgeii@noaa.gov,Female,211.254.136.107
668,Bridgette,Gery,bgeryij@skype.com,Male,75.155.202.209
669,Hermione,Grosvenor,hgrosvenorik@spotify.com,Female,8.148.114.70
670,Maury,Verrechia,mverrechiail@godaddy.com,Female,223.40.126.128
671,Hugo,Moncaster,hmoncasterim@etsy.com,Male,35.198.235.229
672,Evaleen,Mercer,emercerin@theglobeandmail.com,Female,212.149.184.96
673,Sky,Byard,sbyardio@privacy.gov.au,Female,222.96.109.107
674,Georgetta,Dominico,gdominicoip@mac.com,Female,185.110.165.138
675,Van,Winchurch,vwinchurchiq@ow.ly,Agender,21.93.184.90
676,Dorry,Grigoroni,dgrigoroniir@canalblog.com,Male,21.158.177.139
677,Erin,Buddle,ebuddleis@hc360.com,Male,242.193.138.180
678,Pollyanna,Elderbrant,pelderbrantit@arstechnica.com,Male,202.189.228.161
679,Rebecca,Saffran,rsaffraniu@google.ca,Male,33.120.133.120
680,Rhody,Castella,rcastellaiv@yahoo.co.jp,Polygender,127.22.179.202
681,Cobbie,Kembry,ckembryiw@fastcompany.com,Female,49.212.16.174
682,Aaren,Halbard,ahalbardix@netvibes.com,Male,54.186.214.49
683,Katherine,Colyer,kcolyeriy@miitbeian.gov.cn,Polygender,28.145.177.5
684,Kristien,Mingasson,kmingassoniz@walmart.com,Male,179.120.84.159
685,Hillyer,Cruikshanks,hcruikshanksj0@npr.org,Female,142.50.201.249
686,Lane,Matthias,lmatthiasj1@latimes.com,Female,121.43.149.22
687,Gaby,Powe,gpowej2@zdnet.com,Female,96.227.140.148
688,Steffane,Lillecrap,slillecrapj3@printfriendly.com,Female,212.104.225.70
689,Kaspar,Hedditeh,khedditehj4@furl.net,Male,114.247.4.55
690,Karry,Armin,karminj5@mozilla.org,Female,21.252.229.245
691,Doloritas,Sprade,dspradej6@chron.com,Female,128.180.22.187
692,Siffre,Carney,scarneyj7@geocities.com,Male,146.227.162.101
693,La verne,Brodeau,lbrodeauj8@is.gd,Male,185.212.5.208
694,Edithe,Verlinde,everlindej9@sphinn.com,Female,94.196.161.46
695,Blaire,Newhouse,bnewhouseja@tmall.com,Male,48.131.0.204
696,Bren,Keighley,bkeighleyjb@github.io,Polygender,118.230.55.60
697,Rosene,Dooly,rdoolyjc@lulu.com,Female,152.89.210.10
698,Ashil,Perez,aperezjd@aboutads.info,Male,134.113.92.44
699,Harlen,Rearie,hrearieje@unblog.fr,Male,173.196.122.183
700,Arty,Lintall,alintalljf@vimeo.com,Female,200.254.157.121
701,Fenelia,Culshew,fculshewjg@cam.ac.uk,Female,215.53.39.62
702,Royal,MacCoveney,rmaccoveneyjh@studiopress.com,Female,218.4.86.196
703,Morly,Gasquoine,mgasquoineji@photobucket.com,Female,87.139.48.65
704,Frederick,Dancer,fdancerjj@java.com,Female,58.202.117.202
705,Deerdre,Napoleone,dnapoleonejk@google.com.au,Female,83.171.51.222
706,Arvin,Staley,astaleyjl@stumbleupon.com,Male,222.125.105.101
707,Morton,Glentz,mglentzjm@ed.gov,Female,146.65.113.72
708,Cissiee,Stolting,cstoltingjn@alibaba.com,Female,75.113.240.26
709,Riva,Persse,rperssejo@homestead.com,Female,3.123.48.47
710,Merry,Manna,mmannajp@usa.gov,Genderqueer,84.247.147.115
711,Maudie,Mc Coughan,mmccoughanjq@blog.com,Male,250.176.250.153
712,Natal,Templeton,ntempletonjr@hugedomains.com,Female,107.182.91.171
713,Adan,Grain,agrainjs@github.com,Female,103.27.152.179
714,Fey,Monday,fmondayjt@huffingtonpost.com,Female,194.207.7.50
715,Lorenza,Prys,lprysju@surveymonkey.com,Female,235.26.216.157
716,Leroy,Rarity,lrarityjv@alibaba.com,Female,33.48.4.68
717,Constanta,Belvin,cbelvinjw@1und1.de,Male,99.58.64.195
718,Shayla,Lutty,sluttyjx@ca.gov,Male,203.240.85.117
719,Marthena,Joscelin,mjoscelinjy@tumblr.com,Female,243.78.229.232
720,Rafaela,Jannex,rjannexjz@goo.ne.jp,Female,184.198.212.110
721,Ingra,Berecloth,ibereclothk0@wikipedia.org,Male,9.177.6.244
722,Sandie,Stuchberry,sstuchberryk1@posterous.com,Female,209.151.3.46
723,Luise,Bank,lbankk2@hhs.gov,Male,11.100.220.22
724,Rasla,Drayn,rdraynk3@about.me,Male,28.194.253.43
725,Karita,Inman,kinmank4@artisteer.com,Male,32.182.58.196
726,Joyce,Kilbee,jkilbeek5@discovery.com,Female,121.75.100.12
727,Kleon,Zanicchelli,kzanicchellik6@apache.org,Female,230.229.153.193
728,Lauri,Bonar,lbonark7@hubpages.com,Female,31.176.7.124
729,Stephi,Fanning,sfanningk8@mtv.com,Female,160.238.244.31
730,Melony,Speechley,mspeechleyk9@bbb.org,Male,34.228.44.161
731,Odella,Deeney,odeeneyka@bluehost.com,Female,111.177.76.142
732,Garrott,Wennam,gwennamkb@newsvine.com,Polygender,2.254.90.113
733,Loreen,Stowe,lstowekc@berkeley.edu,Male,38.156.205.36
734,Clywd,Croome,ccroomekd@yellowpages.com,Male,114.234.4.109
735,Inesita,Blenkensop,iblenkensopke@scientificamerican.com,Male,46.221.182.117
736,Chloris,Houlahan,choulahankf@unblog.fr,Male,112.177.192.25
737,Hans,Dimblebee,hdimblebeekg@google.fr,Female,166.138.161.80
738,Eleonora,Capp,ecappkh@discovery.com,Male,160.70.10.171
739,Bryon,Sansom,bsansomki@timesonline.co.uk,Male,48.105.101.170
740,Sheila,Castelli,scastellikj@studiopress.com,Male,61.55.89.225
741,Victoria,Nuccii,vnucciikk@omniture.com,Female,108.177.230.212
742,Ericha,Ilchuk,eilchukkl@posterous.com,Female,227.85.184.179
743,Sergeant,Tape,stapekm@fc2.com,Male,61.255.150.204
744,Hiram,Vermer,hvermerkn@blinklist.com,Female,232.223.121.153
745,Jaclin,Alexandrou,jalexandrouko@weebly.com,Female,102.198.251.6
746,Maynord,Pearman,mpearmankp@acquirethisname.com,Female,77.214.206.101
747,Meredeth,Probbing,mprobbingkq@mashable.com,Non-binary,200.85.51.167
748,Hazlett,Goreway,hgorewaykr@usda.gov,Female,10.95.201.221
749,Brenna,Mulvihill,bmulvihillks@chicagotribune.com,Male,154.200.119.205
750,Farris,Schettini,fschettinikt@apple.com,Male,70.59.112.238
751,Isa,Bohin,ibohinku@chronoengine.com,Male,15.244.139.213
752,Janeen,Plaunch,jplaunchkv@stumbleupon.com,Female,69.107.55.177
753,Cornelius,Olifard,colifardkw@globo.com,Male,43.229.229.35
754,Cahra,Leigh,cleighkx@usgs.gov,Male,204.136.111.33
755,Retha,MacCaffrey,rmaccaffreyky@boston.com,Female,43.156.255.21
756,Emery,Costin,ecostinkz@marketwatch.com,Male,99.62.62.79
757,Odette,Sowersby,osowersbyl0@ustream.tv,Male,211.202.98.210
758,Jacenta,Greste,jgrestel1@a8.net,Male,38.28.32.104
759,Cal,Renzo,crenzol2@hibu.com,Female,246.186.172.245
760,Tamara,Lunny,tlunnyl3@narod.ru,Female,91.72.116.161
761,Esdras,Penk,epenkl4@globo.com,Female,193.120.212.19
762,Gaby,Ivoshin,givoshinl5@naver.com,Female,142.124.129.205
763,Reeba,Grime,rgrimel6@amazon.com,Female,231.110.59.161
764,Claire,McCloud,cmccloudl7@nature.com,Female,1.220.113.22
765,Rafael,Phelit,rphelitl8@tiny.cc,Female,3.80.170.28
766,Cassy,Felder,cfelderl9@nps.gov,Male,153.115.212.68
767,Cornell,Pettinger,cpettingerla@huffingtonpost.com,Male,180.8.62.182
768,Olav,Barzen,obarzenlb@sitemeter.com,Male,179.38.173.64
769,Letti,Bricket,lbricketlc@nhs.uk,Genderfluid,247.182.217.64
770,Berty,Canelas,bcanelasld@amazon.co.uk,Male,50.210.148.50
771,Devin,Goldingay,dgoldingayle@walmart.com,Female,41.65.195.38
772,Sapphire,Chadbourn,schadbournlf@slate.com,Male,124.16.95.201
773,Maxy,Fender,mfenderlg@guardian.co.uk,Female,154.165.199.121
774,Adriena,Van Hesteren,avanhesterenlh@mysql.com,Male,135.112.69.157
775,Sarina,Tirrey,stirreyli@cargocollective.com,Male,158.19.34.124
776,Dari,Tracy,dtracylj@artisteer.com,Male,30.101.50.255
777,Rhetta,Ferris,rferrislk@example.com,Female,119.85.6.179
778,Sanford,Pinks,spinksll@google.nl,Male,133.135.8.65
779,Dorolice,Ickowicz,dickowiczlm@accuweather.com,Female,17.158.150.95
780,Burlie,Battleson,bbattlesonln@ed.gov,Male,218.188.215.168
781,Juliane,Batty,jbattylo@360.cn,Male,41.127.121.78
782,Jacky,Coogan,jcooganlp@naver.com,Male,148.36.38.6
783,Kennett,Mathivat,kmathivatlq@omniture.com,Female,8.116.13.36
784,Dorolisa,Ortega,dortegalr@nbcnews.com,Male,66.191.160.93
785,Krista,End,kendls@myspace.com,Male,9.173.193.64
786,Chris,Jumont,cjumontlt@msn.com,Male,10.163.148.97
787,Arne,Blackeby,ablackebylu@cafepress.com,Female,104.214.218.160
788,Wren,Grimstead,wgrimsteadlv@hubpages.com,Male,57.86.115.243
789,Sonja,Vears,svearslw@microsoft.com,Male,32.105.191.73
790,Kally,Morrish,kmorrishlx@hc360.com,Male,193.142.222.25
791,Juline,Vousden,jvousdenly@aboutads.info,Female,69.160.213.26
792,Nikki,Peplay,npeplaylz@discuz.net,Male,5.37.101.33
793,Tobi,Greenhowe,tgreenhowem0@gmpg.org,Male,53.184.168.32
794,Phaidra,Cockerill,pcockerillm1@rakuten.co.jp,Female,144.189.154.214
795,Carlina,Wrightam,cwrightamm2@nps.gov,Male,196.95.177.211
796,Ivar,Vasse,ivassem3@posterous.com,Female,87.42.26.160
797,Dewey,Ottiwill,dottiwillm4@bizjournals.com,Female,111.129.184.123
798,Deva,Tomasik,dtomasikm5@wix.com,Female,156.213.118.122
799,Sauveur,Moohan,smoohanm6@themeforest.net,Non-binary,251.124.131.4
800,Dennis,Di Domenico,ddidomenicom7@amazonaws.com,Female,213.61.150.207
801,Sallyanne,Pattullo,spattullom8@free.fr,Non-binary,211.148.229.196
802,Gwyneth,Hallin,ghallinm9@archive.org,Female,63.235.155.214
803,Israel,Boggs,iboggsma@liveinternet.ru,Agender,196.83.85.64
804,Cecile,Argabrite,cargabritemb@flickr.com,Male,88.5.67.89
805,Francoise,Caser,fcasermc@posterous.com,Male,93.212.89.134
806,Carlina,Collins,ccollinsmd@homestead.com,Male,44.83.43.160
807,Forbes,Raymen,fraymenme@deliciousdays.com,Female,142.222.249.33
808,Elsa,Abrahams,eabrahamsmf@howstuffworks.com,Female,94.208.152.143
809,Roberto,Baldock,rbaldockmg@cocolog-nifty.com,Male,172.42.71.29
810,Hamid,Maseres,hmaseresmh@webeden.co.uk,Female,118.236.141.37
811,Tye,Siret,tsiretmi@about.me,Male,30.56.160.160
812,Trish,Di Filippo,tdifilippomj@sakura.ne.jp,Female,129.45.60.161
813,Keene,Huxton,khuxtonmk@shop-pro.jp,Female,134.219.79.124
814,Jonah,Stockdale,jstockdaleml@123-reg.co.uk,Female,154.141.135.218
815,Horten,Passmore,hpassmoremm@ucla.edu,Male,225.240.28.195
816,Reine,MacDowal,rmacdowalmn@unesco.org,Male,184.150.190.157
817,Leeann,Gecke,lgeckemo@miibeian.gov.cn,Male,172.161.88.165
818,Eleanore,Tidder,etiddermp@weibo.com,Female,4.149.150.111
819,Randy,Phlippi,rphlippimq@photobucket.com,Female,247.7.239.238
820,Brendan,Ligerton,bligertonmr@businessweek.com,Female,35.62.204.149
821,Ollie,Pitman,opitmanms@cisco.com,Female,133.142.101.68
822,Fredericka,Pellitt,fpellittmt@friendfeed.com,Male,110.247.151.2
823,Rock,Hurlestone,rhurlestonemu@ft.com,Female,209.118.54.156
824,Leonid,Yoodall,lyoodallmv@barnesandnoble.com,Female,28.30.173.181
825,Stuart,Goose,sgoosemw@artisteer.com,Female,174.137.246.158
826,Samuele,Battman,sbattmanmx@microsoft.com,Male,114.160.46.42
827,Jaquith,Dell,jdellmy@washingtonpost.com,Female,246.55.140.92
828,Elonore,Reams,ereamsmz@sitemeter.com,Male,68.132.239.114
829,Mariejeanne,Tourmell,mtourmelln0@mashable.com,Male,210.84.203.152
830,Jacquetta,Gery,jgeryn1@geocities.jp,Male,83.89.4.180
831,Devin,Kemston,dkemstonn2@opera.com,Male,134.141.76.40
832,Phillie,Skellion,pskellionn3@theguardian.com,Female,59.254.237.14
833,Erhard,Artus,eartusn4@uol.com.br,Male,251.26.129.60
834,Elsi,Stack,estackn5@google.pl,Genderfluid,76.251.238.28
835,Mersey,Chrippes,mchrippesn6@etsy.com,Female,246.135.127.246
836,Herbie,Bartomieu,hbartomieun7@narod.ru,Female,72.228.47.224
837,Kenneth,Giacomi,kgiacomin8@ed.gov,Genderfluid,56.68.120.94
838,Emilio,Lightning,elightningn9@miitbeian.gov.cn,Female,201.148.121.253
839,Derward,Lamasna,dlamasnana@google.com,Male,189.63.38.122
840,Artus,Rizzotto,arizzottonb@bizjournals.com,Female,6.159.26.175
841,Lorant,Burlay,lburlaync@php.net,Female,238.29.253.82
842,Giffie,Farrance,gfarrancend@nsw.gov.au,Female,209.105.59.229
843,Daven,Meek,dmeekne@youtube.com,Female,4.205.118.226
844,Esme,Bevan,ebevannf@webeden.co.uk,Male,109.220.154.160
845,Ferdy,Warlaw,fwarlawng@cbsnews.com,Agender,58.175.100.17
846,Eugenia,Morot,emorotnh@edublogs.org,Male,54.254.70.219
847,Aguistin,Renfrew,arenfrewni@unicef.org,Male,67.228.11.90
848,Desiri,Davys,ddavysnj@sogou.com,Male,74.9.191.35
849,Edin,Merkle,emerklenk@parallels.com,Female,186.173.0.140
850,Mile,Naseby,mnasebynl@jiathis.com,Male,138.212.221.78
851,Sarajane,McReath,smcreathnm@ow.ly,Female,130.107.189.182
852,Randal,Karslake,rkarslakenn@bbc.co.uk,Female,75.92.85.101
853,Lauri,Lenaghen,llenaghenno@constantcontact.com,Male,196.11.85.191
854,Patty,Kegan,pkegannp@hp.com,Male,138.219.128.191
855,Sioux,Carlisi,scarlisinq@issuu.com,Female,75.187.215.249
856,Milli,Shenton,mshentonnr@senate.gov,Male,133.41.53.163
857,Barnebas,Apark,baparkns@house.gov,Female,124.214.209.147
858,Jolie,Braidman,jbraidmannt@psu.edu,Female,100.129.62.23
859,Caryl,Blaze,cblazenu@digg.com,Male,130.90.135.236
860,Codi,Marjot,cmarjotnv@gov.uk,Genderfluid,49.254.239.59
861,Chiquia,Lunnon,clunnonnw@adobe.com,Male,154.225.134.196
862,Vivian,Pybus,vpybusnx@plala.or.jp,Male,208.133.103.252
863,Garnet,Petris,gpetrisny@miibeian.gov.cn,Female,251.6.84.103
864,Kial,Parradice,kparradicenz@reuters.com,Female,133.92.138.200
865,Kendrick,O'Teague,koteagueo0@pen.io,Male,79.254.115.158
866,Fredra,Biddwell,fbiddwello1@smh.com.au,Female,243.156.231.114
867,Brannon,Brokenshaw,bbrokenshawo2@techcrunch.com,Female,58.51.196.146
868,Elisa,Blazej,eblazejo3@cpanel.net,Male,21.238.77.41
869,Irena,Scherer,ischerero4@arizona.edu,Male,120.228.126.118
870,Jodie,Mathely,jmathelyo5@webnode.com,Female,29.5.66.66
871,Graehme,Yanne,gyanneo6@jalbum.net,Female,144.29.201.106
872,Stinky,Southernwood,ssouthernwoodo7@bandcamp.com,Male,182.207.158.57
873,Fawnia,Pearlman,fpearlmano8@nhs.uk,Genderqueer,43.15.214.114
874,Shawnee,Swetland,sswetlando9@slate.com,Female,45.18.183.64
875,Sayer,Giovannacci,sgiovannaccioa@amazon.co.uk,Female,255.75.68.168
876,Aida,Poytress,apoytressob@disqus.com,Male,126.133.128.8
877,Isadora,Iacabucci,iiacabuccioc@nbcnews.com,Non-binary,124.134.181.83
878,Consalve,Enbury,cenburyod@jigsy.com,Male,125.111.5.86
879,Anton,Sainthill,asainthilloe@ow.ly,Male,7.206.205.239
880,Yule,Edmed,yedmedof@biblegateway.com,Male,88.156.207.174
881,Opaline,Smalecombe,osmalecombeog@desdev.cn,Female,79.215.228.66
882,Roshelle,Antley,rantleyoh@bluehost.com,Male,184.148.93.79
883,Lorine,Crutchley,lcrutchleyoi@walmart.com,Male,58.180.137.102
884,Walsh,Albarez,walbarezoj@imgur.com,Female,48.251.92.61
885,Celina,Brightie,cbrightieok@gravatar.com,Female,232.91.239.203
886,Kean,Tincknell,ktincknellol@tripadvisor.com,Female,192.238.219.211
887,Geralda,Kee,gkeeom@google.it,Agender,236.14.132.211
888,Lura,de Zamora,ldezamoraon@technorati.com,Male,220.141.163.169
889,Atlanta,Nuttall,anuttalloo@seattletimes.com,Female,122.215.255.97
890,Fons,Danielou,fdanielouop@godaddy.com,Male,145.187.43.208
891,Massimiliano,Littlecote,mlittlecoteoq@globo.com,Female,23.166.219.84
892,Fanechka,Vlasenko,fvlasenkoor@usa.gov,Non-binary,151.158.253.151
893,Kristi,Reignould,kreignouldos@odnoklassniki.ru,Male,185.88.214.56
894,Alexandro,Blackster,ablacksterot@hp.com,Female,70.97.46.81
895,Sig,Disney,sdisneyou@upenn.edu,Male,49.2.147.178
896,Leanora,Farthing,lfarthingov@technorati.com,Female,222.28.214.225
897,Brett,Bessell,bbessellow@sina.com.cn,Genderqueer,205.74.202.68
898,Filberto,Prangnell,fprangnellox@imdb.com,Female,76.69.98.146
899,Jere,Andresser,jandresseroy@parallels.com,Male,44.26.164.59
900,Clayton,McCarter,cmccarteroz@arizona.edu,Male,116.212.82.113
901,Saba,Bidwell,sbidwellp0@51.la,Female,50.178.238.98
902,Gasper,Morad,gmoradp1@imgur.com,Male,216.222.241.47
903,Karia,Joppich,kjoppichp2@house.gov,Female,189.193.7.90
904,Keary,Saer,ksaerp3@squidoo.com,Female,73.55.136.66
905,Nickie,Redler,nredlerp4@miitbeian.gov.cn,Male,43.141.55.192
906,Woodie,Simeoni,wsimeonip5@gnu.org,Female,20.119.111.229
907,Edi,Shepland,esheplandp6@woothemes.com,Female,237.122.140.234
908,Roy,Strettell,rstrettellp7@canalblog.com,Male,109.169.78.234
909,Brenna,Newcombe,bnewcombep8@alibaba.com,Female,87.194.113.233
910,Annette,Hallowell,ahallowellp9@comsenz.com,Genderfluid,104.149.72.158
911,Erskine,Wilkennson,ewilkennsonpa@oaic.gov.au,Male,130.41.186.62
912,Simone,Scroggie,sscroggiepb@networksolutions.com,Male,149.97.246.99
913,Ediva,Wing,ewingpc@devhub.com,Non-binary,143.63.102.169
914,Zed,Clinkard,zclinkardpd@paginegialle.it,Female,163.126.74.59
915,Merline,Zappel,mzappelpe@baidu.com,Male,174.34.43.135
916,Delaney,Burth,dburthpf@google.co.uk,Bigender,64.10.126.12
917,Klarika,Tupper,ktupperpg@hugedomains.com,Male,177.186.133.187
918,Jemmie,Posen,jposenph@stumbleupon.com,Polygender,98.198.105.252
919,Mathilda,Rawlison,mrawlisonpi@accuweather.com,Female,175.149.167.77
920,Beatriz,Chillingworth,bchillingworthpj@reuters.com,Male,140.177.245.17
921,Rurik,Emmanuele,remmanuelepk@smugmug.com,Male,196.185.51.144
922,Frazer,Courtliff,fcourtliffpl@mayoclinic.com,Agender,157.1.11.60
923,Margot,Dakers,mdakerspm@blogger.com,Polygender,21.13.234.251
924,Reilly,Frunks,rfrunkspn@state.tx.us,Female,4.127.12.120
925,Jannel,Limpkin,jlimpkinpo@livejournal.com,Female,62.216.142.168
926,Thomasina,Kardos,tkardospp@intel.com,Female,50.28.53.235
927,Nelli,Raylton,nrayltonpq@de.vu,Female,156.224.247.107
928,Allison,Gammon,agammonpr@nymag.com,Male,192.47.148.177
929,Emelyne,Grogono,egrogonops@theguardian.com,Male,49.63.106.23
930,Katinka,Carwardine,kcarwardinept@cnn.com,Genderqueer,45.94.116.95
931,Vasili,Syncke,vsynckepu@tuttocitta.it,Male,145.119.40.69
932,Fanni,Phear,fphearpv@webeden.co.uk,Female,157.89.159.144
933,Jillane,Stredwick,jstredwickpw@sphinn.com,Genderqueer,27.108.87.37
934,Marsiella,Gadeaux,mgadeauxpx@csmonitor.com,Male,20.31.95.227
935,Wilden,Ost,wostpy@blogspot.com,Male,230.44.121.180
936,Deana,Mc Caughen,dmccaughenpz@comcast.net,Male,72.159.227.57
937,Sybyl,Kirsch,skirschq0@google.co.uk,Male,246.227.25.111
938,Reube,McBayne,rmcbayneq1@ucoz.com,Male,215.110.27.4
939,Lorenza,Lowfill,llowfillq2@slashdot.org,Male,140.188.173.178
940,Beatrice,Bloxsum,bbloxsumq3@forbes.com,Male,177.112.215.49
941,Aigneis,Ridsdale,aridsdaleq4@a8.net,Female,35.200.36.184
942,Elmore,Perl,eperlq5@skyrock.com,Male,210.112.120.212
943,Michele,Swinnard,mswinnardq6@phpbb.com,Male,175.224.117.113
944,Sinclare,Guidera,sguideraq7@nih.gov,Male,246.48.87.186
945,Erich,Mazin,emazinq8@plala.or.jp,Male,167.6.71.60
946,Mischa,Olekhov,molekhovq9@phoca.cz,Female,158.149.92.167
947,Neel,Morrieson,nmorriesonqa@youtu.be,Female,126.53.254.174
948,Bear,Ferns,bfernsqb@sun.com,Female,253.138.173.56
949,Jennica,Arnhold,jarnholdqc@nbcnews.com,Female,69.97.98.75
950,Tabor,Posen,tposenqd@twitter.com,Female,244.124.54.78
951,Thorpe,Jeaves,tjeavesqe@paginegialle.it,Male,179.13.60.226
952,Haywood,Woloschin,hwoloschinqf@desdev.cn,Female,93.165.15.88
953,Duff,Fountian,dfountianqg@technorati.com,Male,130.30.74.153
954,Morie,Guite,mguiteqh@gnu.org,Male,250.108.130.65
955,Otis,Swayne,oswayneqi@plala.or.jp,Male,126.173.209.71
956,Rickie,Kirmond,rkirmondqj@exblog.jp,Female,165.163.122.235
957,Dorene,Ratley,dratleyqk@squarespace.com,Female,175.170.143.53
958,Jessalin,Dolden,jdoldenql@upenn.edu,Female,228.181.193.145
959,Tandie,Corder,tcorderqm@photobucket.com,Male,202.16.246.38
960,Jimmy,Neesam,jneesamqn@symantec.com,Male,2.93.104.173
961,Agnesse,Brian,abrianqo@google.ru,Female,228.45.38.215
962,Britt,Fantin,bfantinqp@mozilla.org,Female,249.159.52.55
963,Curry,Tschirschky,ctschirschkyqq@nasa.gov,Female,255.29.164.147
964,Johna,Vasyukhnov,jvasyukhnovqr@skype.com,Male,102.121.249.172
965,Terza,Papaccio,tpapaccioqs@wsj.com,Male,80.52.92.81
966,Alissa,Petruszka,apetruszkaqt@goo.gl,Male,117.213.221.142
967,Joyous,Jesson,jjessonqu@pen.io,Male,54.38.85.140
968,Early,Ekins,eekinsqv@soundcloud.com,Male,180.12.80.177
969,Phillipp,Havers,phaversqw@w3.org,Male,233.199.37.196
970,Thedric,Merwede,tmerwedeqx@livejournal.com,Female,63.107.126.253
971,Kaitlin,Huxtable,khuxtableqy@ow.ly,Bigender,177.214.200.61
972,Elnore,Fardoe,efardoeqz@yellowbook.com,Male,243.66.52.85
973,Beckie,Cissen,bcissenr0@netscape.com,Female,16.115.83.65
974,Gino,Pairpoint,gpairpointr1@shareasale.com,Female,251.20.46.193
975,Gizela,Tomek,gtomekr2@uiuc.edu,Male,80.244.82.219
976,Cassaundra,Vautin,cvautinr3@desdev.cn,Male,190.71.12.73
977,Jephthah,Peirazzi,jpeirazzir4@webeden.co.uk,Male,19.242.159.228
978,Sylvia,Meegin,smeeginr5@narod.ru,Male,89.215.89.239
979,Warren,Minker,wminkerr6@g.co,Male,157.179.63.58
980,Baudoin,Pavlishchev,bpavlishchevr7@cdbaby.com,Male,222.164.80.251
981,Noak,Thayre,nthayrer8@jimdo.com,Female,214.51.17.68
982,Josie,Cheshire,jcheshirer9@reference.com,Male,99.222.171.173
983,Arabel,Cowx,acowxra@xinhuanet.com,Female,60.68.157.251
984,Troy,Duffet,tduffetrb@geocities.jp,Female,83.240.77.71
985,Chicky,Knott,cknottrc@smugmug.com,Female,51.137.8.112
986,Herschel,Inchcomb,hinchcombrd@creativecommons.org,Male,122.244.99.49
987,Rayner,Christoffels,rchristoffelsre@cyberchimps.com,Female,119.50.47.59
988,Manda,Dametti,mdamettirf@facebook.com,Male,45.227.32.222
989,Ginelle,Tuley,gtuleyrg@npr.org,Agender,126.110.38.159
990,Hilarius,Emlin,hemlinrh@youtube.com,Male,33.175.226.230
991,Zebulon,Troubridge,ztroubridgeri@webnode.com,Female,45.5.149.205
992,Gard,Halls,ghallsrj@google.nl,Male,146.199.31.223
993,Tabby,McCabe,tmccaberk@narod.ru,Male,193.128.167.232
994,Claretta,Ibberson,cibbersonrl@ebay.com,Female,90.18.30.247
995,Etty,Salliss,esallissrm@exblog.jp,Female,24.62.218.40
996,Aldric,MacAnespie,amacanespiern@vk.com,Male,113.94.23.85
997,Bradley,McCallum,bmccallumro@sciencedaily.com,Female,121.98.32.25
998,Tybi,Tieraney,ttieraneyrp@bizjournals.com,Female,11.1.150.216
999,Hebert,Woodhall,hwoodhallrq@vkontakte.ru,Male,25.49.124.93
1000,Francklyn,Seckington,fseckingtonrr@dailymotion.com,Male,174.75.251.154
