id,first_name,last_name,email,gender,ip_address
1,Andra,Wearn,awearn0@ihg.com,Male,93.118.165.53
2,Lorain,Springate,lspringate1@amazonaws.com,Male,127.131.33.126
3,Henry,Bloomfield,hbloomfield2@google.com.au,Female,204.216.38.145
4,Adlai,Kollach,akollach3@blogspot.com,Male,43.159.88.201
5,Marv,Coulthard,mcoulthard4@washington.edu,Male,18.71.227.41
6,Ramonda,Lalevee,rlalevee5@japanpost.jp,Male,78.143.161.15
7,Hermia,Jobbing,hjobbing6@sun.com,Female,98.51.10.126
8,Davide,De Pero,ddepero7@mail.ru,Female,0.159.26.119
9,Cori,Joynes,cjoynes8@google.com,Male,28.226.247.63
10,Eugene,Lecky,elecky9@freewebs.com,Male,134.186.74.178
11,Igor,Tomalin,itomalina@patch.com,Female,238.181.114.238
12,Jessalin,Willavoys,jwillavoysb@un.org,Male,191.82.184.0
13,Brittne,Raulstone,braulstonec@g.co,Male,37.147.156.102
14,Jonie,Linnit,jlinnitd@msn.com,Male,209.141.225.56
15,Mayne,Wintersgill,mwintersgille@google.ca,Male,134.91.175.213
16,Constanta,Baird,cbairdf@sohu.com,Female,54.52.81.163
17,Cicily,Batman,cbatmang@macromedia.com,Polygender,197.56.126.56
18,Nico,Canton,ncantonh@shareasale.com,Male,32.38.31.30
19,Feliks,Keyes,fkeyesi@japanpost.jp,Male,28.49.239.106
20,Grayce,Chidley,gchidleyj@cocolog-nifty.com,Male,223.25.13.11
21,Linn,Howling,lhowlingk@reference.com,Genderfluid,70.94.12.79
22,Carita,Childerhouse,cchilderhousel@washington.edu,Male,111.56.25.175
23,Matty,Marcam,mmarcamm@icio.us,Female,130.101.70.6
24,Darryl,Alves,dalvesn@163.com,Male,183.43.102.189
25,Debora,Thickin,dthickino@ft.com,Male,163.171.83.147
26,Timotheus,Cervantes,tcervantesp@fotki.com,Male,189.174.145.53
27,Carleton,Stratford,cstratfordq@army.mil,Female,39.28.176.152
28,Vanessa,Curlis,vcurlisr@quantcast.com,Female,136.205.54.82
29,Babbette,Pampling,bpamplings@ifeng.com,Female,108.253.59.145
30,Adina,Bilborough,abilborought@ed.gov,Female,108.36.57.150
31,Renato,Jaffrey,rjaffreyu@merriam-webster.com,Male,139.30.52.197
32,Edith,Lau,elauv@google.fr,Male,89.82.151.85
33,Mei,Dunphie,mdunphiew@webmd.com,Male,83.200.255.247
34,Dieter,Ingold,dingoldx@mapquest.com,Male,199.55.252.232
35,Torrin,Swatheridge,tswatheridgey@angelfire.com,Female,24.243.113.43
36,Kittie,Thay,kthayz@apache.org,Male,174.156.254.195
37,Auria,Elner,aelner10@vkontakte.ru,Female,151.106.76.66
38,Mariann,Hum,mhum11@dmoz.org,Male,123.230.105.52
39,Norbert,Groarty,ngroarty12@1688.com,Male,175.89.123.198
40,David,Howe,dhowe13@wufoo.com,Male,136.209.11.206
41,Korrie,Ablott,kablott14@patch.com,Male,220.116.139.200
42,Judie,Petheridge,jpetheridge15@census.gov,Male,133.207.66.54
43,Reina,Bryden,rbryden16@yahoo.com,Male,174.115.111.78
44,Heddi,Beagles,hbeagles17@virginia.edu,Male,148.134.151.147
45,Teirtza,Cadore,tcadore18@seesaa.net,Male,187.93.193.221
46,Lyon,Rozsa,lrozsa19@last.fm,Male,215.103.72.217
47,Lorelei,Dullingham,ldullingham1a@imgur.com,Genderqueer,187.233.25.165
48,Doti,Martynov,dmartynov1b@shinystat.com,Female,49.13.14.89
49,Julio,Cockshot,jcockshot1c@hibu.com,Female,157.208.193.191
50,Dalenna,Carlisle,dcarlisle1d@freewebs.com,Male,59.138.190.47
51,Jacquelyn,Worthington,jworthington1e@dailymail.co.uk,Genderfluid,208.51.113.194
52,Alida,MacIver,amaciver1f@reuters.com,Male,157.20.196.184
53,Rebecca,Brooke,rbrooke1g@telegraph.co.uk,Male,223.87.70.8
54,Hephzibah,Dykas,hdykas1h@uiuc.edu,Male,85.56.117.97
55,Bern,Di Ruggero,bdiruggero1i@oracle.com,Female,109.98.88.61
56,Randal,Tabord,rtabord1j@japanpost.jp,Female,236.120.90.41
57,Quintus,Meechan,qmeechan1k@guardian.co.uk,Male,75.67.131.6
58,Gwenette,Blakesley,gblakesley1l@123-reg.co.uk,Male,20.64.188.132
59,Gaven,Hentzeler,ghentzeler1m@techcrunch.com,Non-binary,144.218.195.179
60,Deloria,Yoodall,dyoodall1n@bbb.org,Bigender,223.72.100.107
61,Bay,Sunners,bsunners1o@tripod.com,Female,162.77.215.79
62,Catherina,Brighty,cbrighty1p@samsung.com,Male,140.253.87.79
63,Art,Raincin,araincin1q@nature.com,Male,77.195.227.239
64,Nickolai,Corzor,ncorzor1r@state.gov,Male,209.3.141.140
65,Keri,Mithun,kmithun1s@bloglines.com,Female,248.30.153.255
66,Carmella,Snalom,csnalom1t@cpanel.net,Male,79.14.242.39
67,Esmeralda,Carrack,ecarrack1u@google.com.au,Male,213.152.28.240
68,Ethelda,Frankham,efrankham1v@umn.edu,Male,208.82.130.8
69,Judas,Pape,jpape1w@weebly.com,Female,153.108.12.195
70,Crissie,Dooly,cdooly1x@bravesites.com,Female,23.246.49.221
71,Bourke,Bicker,bbicker1y@dell.com,Female,57.152.241.136
72,Tucky,Hubbucks,thubbucks1z@guardian.co.uk,Female,169.255.84.6
73,Tamarra,Ordelt,tordelt20@marketwatch.com,Female,106.47.250.54
74,Colas,Summerson,csummerson21@wunderground.com,Female,195.159.151.145
75,Shay,Choldcroft,scholdcroft22@engadget.com,Female,38.180.247.172
76,Rollins,Digle,rdigle23@dot.gov,Agender,203.23.253.203
77,Maryann,Wagen,mwagen24@miibeian.gov.cn,Male,80.162.165.217
78,Chuck,Matskiv,cmatskiv25@blogtalkradio.com,Male,9.13.52.40
79,Marietta,Gommes,mgommes26@gizmodo.com,Agender,90.237.202.120
80,Ford,Orrum,forrum27@mapy.cz,Female,159.192.168.98
81,Larry,Hurles,lhurles28@disqus.com,Genderfluid,238.124.216.109
82,Chloe,Grafton-Herbert,cgraftonherbert29@theglobeandmail.com,Male,143.212.225.152
83,Emmett,Aysik,eaysik2a@cbslocal.com,Male,127.229.93.119
84,Madelaine,Greenleaf,mgreenleaf2b@nifty.com,Polygender,104.91.22.25
85,Emmott,Maides,emaides2c@amazon.co.jp,Female,120.170.15.131
86,Joly,Turri,jturri2d@noaa.gov,Female,171.22.53.29
87,Shamus,Dunstan,sdunstan2e@google.ru,Genderfluid,195.253.223.102
88,Lucia,Croll,lcroll2f@odnoklassniki.ru,Male,15.215.135.128
89,Jaquelyn,Drynan,jdrynan2g@vk.com,Female,37.126.46.53
90,Nikita,Domeney,ndomeney2h@constantcontact.com,Male,240.67.33.127
91,Analiese,Dornan,adornan2i@jalbum.net,Female,123.15.2.204
92,Doll,Gabler,dgabler2j@ning.com,Female,101.23.213.220
93,Melanie,Ambrose,mambrose2k@sitemeter.com,Female,110.120.11.251
94,Mabel,Gomer,mgomer2l@rambler.ru,Male,101.161.180.205
95,Cinnamon,Haughian,chaughian2m@sakura.ne.jp,Male,19.245.24.173
96,Sigfried,Brockherst,sbrockherst2n@marriott.com,Male,76.1.143.163
97,Alameda,Reggiani,areggiani2o@ox.ac.uk,Male,80.39.64.10
98,Marisa,Irons,mirons2p@reference.com,Female,124.115.195.226
99,Kare,Antonowicz,kantonowicz2q@examiner.com,Female,17.119.80.225
100,Daphne,Wildes,dwildes2r@google.fr,Male,43.202.146.92
